w,cat,d,hint,ex,alt,status
JOLLOF,Chop,1,The rice that starts arguments,"Naija ___ pass Ghana own, abeg",,live
SUYA,Chop,1,Peppered meat off the mallam's grill,Buy ___ for me for that junction,,live
ZOBO,Chop,1,Deep-red hibiscus drink,Cold ___ for this hot afternoon,,live
AKARA,Chop,2,"Bean cake, fried golden",Morning ___ and pap na correct combo,,live
EGUSI,Chop,2,"Melon-seed soup, lumpy and correct",She cook ___ soup with plenty meat,,live
GARRI,Chop,2,Soak am with groundnut and sugar,"No money, na ___ we go soak tonight",GARI,live
PONMO,Chop,2,Chewy cow skin in the stew,Add ___ for my plate abeg,POMO,live
MOIMOI,Chop,2,Steamed bean pudding,Party rice without ___? Nonsense,MOINMOIN|MOIMOIN,live
NKWOBI,Chop,3,"Spicy cow-foot delicacy, Igbo style",We order ___ for the bar,,live
ABACHA,Chop,3,African salad from shredded cassava,___ dey sweet with plenty ugba,,live
JAPA,Gist,1,"To relocate abroad, sharply",Him don ___ go Canada,,live
MUMU,Gist,1,"A fool, someone easily deceived",Dem take am for ___,,live
YARN,Gist,1,To talk or chat,Make we ___ small before you go,,live
FLEX,Gist,1,To enjoy yourself or show off,"Weekend don come, time to ___",,live
WAHALA,Gist,2,"Trouble, and plenty of it",I no want any ___ this year,,live
CRUISE,Gist,2,"Playful banter, not serious","Calm down, na ___ I dey",,live
AMEBO,Gist,2,A nosy gossip,This ___ don carry my matter go outside,AMEEBO,live
GBEDU,Gist,2,Heavy danceable beat,"DJ, put the ___ loud",,live
PALAVA,Gist,2,A quarrel or dispute,No bring ___ come my house,PALAVER,live
SHAKARA,Gist,3,"Showing off, forming",Stop the ___ and greet person,,live
ABEG,Pidgin,1,"Please, or 'come on now'",___ shift small,,live
SABI,Pidgin,1,"To know, or to know how",You ___ drive this kind car?,,live
BIKO,Pidgin,1,"Please (Igbo, used everywhere)",___ help me hold this bag,,live
DASH,Pidgin,1,"A gift or tip, or to give freely",Him ___ me extra plantain,,live
WETIN,Pidgin,2,"What, or what is it",___ happen for road today?,,live
COMOT,Pidgin,2,"Get out, or remove",___ for road before car jam you,,live
WAYO,Pidgin,2,"Trickery, a con","That man na ___ person, careful",,live
GBAM,Pidgin,2,"Exactly, spot on","Your answer correct, ___!",,live
KEKE,Streets,1,Three-wheeled tricycle taxi,Take ___ from junction to house,KEKENAPEP,live
LAGOS,Streets,1,"Centre of Excellence, never sleeps",___ go humble you or make you,,live
ABUJA,Streets,1,"Planned capital, wide roads",Him move to ___ for the government work,,live
DANFO,Streets,2,"Yellow bus, no shock absorbers",Enter ___ for Oshodi go CMS,,live
OKADA,Streets,2,"Motorbike taxi, one prayer",___ fit pass this traffic quick,,live
AGBERO,Streets,2,Motor-park tout collecting levies,___ dey disturb driver for park,,live
MOLUE,Streets,3,The old rickety mass-transit bus,___ don almost finish for Lagos now,,live
CONDUCTOR,Streets,3,The one shouting the route and collecting fare,Give ___ the correct change,,live
GELE,Owambe,1,Head-tie folded like architecture,Her ___ tall pass everybody own,,live
SPRAY,Owambe,1,Sticking cash on a dancing celebrant,Dem ___ the couple plenty money,,live
ANKARA,Owambe,2,Bright wax-print fabric,She sew new ___ gown for the party,,live
AGBADA,Owambe,2,Flowing three-piece robe for the men,Uncle wear white ___ come the wedding,,live
ALAGA,Owambe,2,The MC-hostess running the engagement,___ collect the list before the ceremony start,,live
OWAMBE,Owambe,3,"Big Saturday party, aso ebi compulsory",We get three ___ this weekend,,live
ASOEBI,Owambe,3,Matching fabric the guests all wear,The ___ this year cost like gold,,live
ASOOKE,Owambe,3,Hand-woven Yoruba ceremonial cloth,The bride ___ na family heirloom,,live
NAIRA,Naija,1,"The currency, always under pressure",___ don fall against dollar again,,live
KOBO,Naija,1,The coin nobody uses anymore,E no get even one ___ for hand,,live
NEPA,Naija,1,'They have taken the light',___ don carry light since morning,PHCN,live
BUKA,Naija,1,Cheap local eatery,Lunch na that ___ behind office,BUKATERIA,live
OPAY,Naija,2,Fintech app for transfers and airtime,Send the money go my ___ account,,live
JAND,Naija,2,"The UK, or abroad in general",Him people dey ___ since 2010,,live
TOKUNBO,Naija,3,"Foreign-used, especially cars",Him buy ___ Camry from the wharf,,live
HARMATTAN,Naija,3,"The dry dusty season, cracked lips","___ don come, rub cream well well",HAMATTAN,live
OKRIKA,Market,2,Imported second-hand clothing,This ___ jean strong pass new one,,live
DERICA,Market,2,The tin cup used to measure rice and beans,Give me three ___ of beans,,live
BALOGUN,Market,2,Lagos Island market for fabric,I buy the lace for ___ market,,live
OYINGBO,Market,3,"Mainland market, sells everything",___ price better pass supermarket,,live
ONITSHA,Market,3,"South-east city, one of Africa's biggest markets",Spare parts? Na ___ dem dey get am,,live
JUJU,Sound,1,Guitar-and-talking-drum style of King Sunny Ade,Elders still love ___ music for party,,live
FUJI,Sound,1,"Percussion-heavy style, Barrister and Kwam 1",___ dey wake the whole street on Sunday,,live
APALA,Sound,2,Older Yoruba drum-and-vocal style,___ come before fuji,,live
HIGHLIFE,Sound,3,"Horns and guitar dance music, big in the east",Osadebe ___ still dey sweet,,live
AFROBEATS,Sound,3,The modern Naija pop sound taking over the world,___ dey every chart now,AFROBEAT,live
DODO,Chop,1,Fried ripe plantain,Rice without ___ no complete,,live
OKRO,Chop,1,The slimy 'draw' soup,___ soup with plenty seafood,OKRA,live
PURE,Streets,1,Sachet water sold in traffic,"Buy ___ water, my throat dry",,live
JARE,Pidgin,1,"Softens a statement, 'please now'",Leave me ___,,live
KOLO,Gist,1,"Crazy, gone in the head",This heat go make person ___,,live
GENG,Gist,1,"'Agreed', or your crew","We dey together, ___!",,live
WAKA,Gist,1,"To walk, or 'get lost'",___! I no send you,,live
GBESE,Gist,1,"Debt, money wahala",Him don enter ___ with that deal,,live
TUALE,Owambe,1,A shout of hail and respect,___! The big man don enter,,live
OYINBO,Gist,2,A white person or foreigner,The ___ dey learn how to dance,OYIBO,live
ALAYE,Gist,2,"Street-smart guy, a boss","Big ___, how far now?",,live
MAGA,Gist,2,A scam victim,The ___ don pay the money,MUGU,live
YAHOO,Gist,2,Internet fraud,Him dey do ___ since school,,live
SHAYO,Owambe,2,Heavy drinking,After the wedding na pure ___,,live
KABASH,Naija,2,"To pray hard, in tongues",Choir dey ___ for the corner,,live
BRODA,Pidgin,2,"Brother, a term of address","___, abeg help me hold this",,live
KOBOKO,Streets,2,The horsewhip,Soldier flog am with ___,,live
CHINCHIN,Chop,2,Crunchy fried pastry cubes,Pack ___ for the party bag,CHINCHIN,live
KILISHI,Chop,2,"Dried spiced meat, northern jerky",Buy ___ from the mallam,,live
AGIDI,Chop,2,Cornmeal jelly for stew,___ and moin moin dey go together,EKO,live
EWEDU,Chop,2,The jute-leaf 'draw' soup,Amala and ___ na Ibadan special,,live
KUNU,Chop,2,Millet or tigernut drink,Cold ___ for the afternoon heat,KUNUN,live
UGBA,Chop,2,Oil-bean slivers in the salad,Add plenty ___ for the abacha,,live
BOLEKAJA,Streets,3,The old 'jump down and fight' wooden bus,___ don disappear from the roads,,live
ORISIRISI,Owambe,3,"Assorted, a spread of varieties",The buffet get ___,,live
GBAGAUN,Gist,3,A grammar blunder,Him tweet full of ___,,live
AGBALUMO,Chop,3,"African star apple, sweet and sour",___ season don start,UDARA,live
OFADA,Chop,3,Local unpolished rice with green stew,___ rice and designer stew,,live
AYAMASE,Chop,3,The fiery green-pepper stew,___ go clear your sinus,,live
OGOGORO,Naija,3,"Local gin, very strong",One shot of ___ go warm you,KAIKAI,live
PALMWINE,Naija,3,Fresh sap tapped from the palm,Cold ___ straight from the bush,,live
ISIEWU,Chop,3,Goat-head pepper delicacy,Order ___ for the bar,,live
OKPA,Chop,3,"Steamed Bambara-nut pudding, Enugu staple",Morning ___ from the woman for junction,,live
SUFFERHEAD,Gist,3,"Chronic, grinding hardship (Fela's word)",Him dey sing about ___,,live
AMALA,Chop,2,Dark-brown yam-flour swallow,,,live
FUFU,Chop,1,"Cassava swallow, soft and stretchy",,FOOFOO,live
NSALA,Chop,3,White pepper soup from the east,,OFENSALA,live
BANGA,Chop,2,"Palm-fruit soup, Delta style",,,live
UZIZA,Chop,3,Peppery leaf and seed for soups,,,live
ASARO,Chop,2,"Yam pottage, everything in one pot",,,live
GBEGIRI,Chop,3,"Smooth bean soup, pairs with ewedu",,,live
EFORIRO,Chop,3,"Fried vegetable stew, Yoruba style",,EFO,live
DUNDUN,Chop,2,Fried yam slices,,,live
BOLI,Chop,1,Roasted plantain from the roadside,,,live
KULIKULI,Chop,3,Hard groundnut snack twists,,,live
KOKORO,Chop,2,Crunchy fried corn-stick snack,,,live
AKAMU,Chop,2,Fermented corn pap,,OGI,live
BURUKUTU,Chop,3,Millet beer from the north,,,live
SHAWARMA,Chop,2,"Wrap from the street stand, a Lagos night staple",,,live
CRAYFISH,Chop,2,"Ground dried shrimp, in nearly every soup",,,live
CATFISH,Chop,1,Point-and-kill for the pepper soup,,,live
OKPOROKO,Chop,3,"Stockfish, prized in Igbo soups",,PANLA,live
DAWADAWA,Chop,3,Fermented locust-bean seasoning,,IRU|OGIRI,live
ATARODO,Chop,3,"Scotch bonnet, the real heat",,RODO,live
PEPPERSOUP,Chop,3,Hot clear broth for cold nights,,,live
GOATMEAT,Chop,2,The default meat for pepper soup,,,live
PARIWO,Gist,2,"Noise, a loud scene",,,live
ODOGWU,Gist,2,"A big man, a heavyweight",,,live
JAGAJAGA,Gist,3,"Scattered, in a mess",,,live
KATAKATA,Gist,2,"Chaos, trouble everywhere",,,live
YAWA,Gist,1,Trouble; 'yawa don gas',,,live
GBEGE,Gist,2,Heavy trouble,,,live
OMOGE,Gist,2,A young lady,,,live
TOASTER,Gist,2,A guy chasing a girl,,,live
FORMING,Gist,2,"Pretending, acting up",,,live
YEYE,Gist,1,"Useless, nonsense",,,live
PADDY,Gist,1,A close friend,,PADI,live
KOLOMENTAL,Gist,3,"Completely mad, unhinged",,,live
SCATTER,Gist,2,To wreck it - or dance hard,,,live
HAMMER,Gist,2,"To hit it big, make serious money",,,live
NAWA,Pidgin,1,Expression of wonder; 'nawa o',,,live
YANSH,Pidgin,2,Backside,,,live
BELLE,Pidgin,2,Stomach - or a pregnancy,,,live
FLOG,Pidgin,1,To beat thoroughly,,,live
TAYA,Pidgin,1,"To be tired, fed up",,,live
WELLA,Pidgin,1,"Well done, nicely",,,live
KAMPE,Pidgin,2,"Solid, standing strong",,,live
MARWA,Streets,2,Another name for the keke tricycle,,,live
WHARF,Streets,2,The port where tokunbo cars land,,,live
APAPA,Streets,2,"Lagos port district, tanker country",,,live
OSHODI,Streets,2,"Lagos transport hub, always moving",,,live
YABA,Streets,1,"Lagos mainland district, tech and market",,,live
IKEJA,Streets,1,"Lagos State capital, computer village",,,live
SURULERE,Streets,3,Mainland Lagos district; 'patience pays',,,live
MUSHIN,Streets,2,"Tough, dense Lagos mainland area",,,live
AJEGUNLE,Streets,3,The 'Jungle City' of Lagos,,AJCITY,live
LEKKI,Streets,1,"Lagos peninsula, toll gates and estates",,,live
IKOYI,Streets,1,Old-money Lagos island district,,,live
MARINA,Streets,2,Lagos Island's banking waterfront,,,live
IBADAN,Streets,2,Sprawling city of brown rooftops,,,live
ENUGU,Streets,1,Coal City in the south-east,,,live
CALABAR,Streets,2,South-south city known for its carnival,,,live
KADUNA,Streets,2,Northern city on the river,,,live
HOLDUP,Streets,2,A traffic jam,,GOSLOW,live
POTHOLE,Streets,2,The crater that swallows a tyre,,,live
MONKEYPOST,Streets,3,Street-football goalpost of stones or slippers,,,live
ISIAGU,Owambe,3,Lion-head shirt for Igbo chiefs,,,live
GEORGE,Owambe,2,Rich wrapper fabric for big occasions,,,live
ADIRE,Owambe,2,Indigo tie-and-dye cloth,,,live
SENATOR,Owambe,2,Men's matching top-and-trouser style,,,live
DASHIKI,Owambe,2,Loose embroidered pullover top,,,live
KAFTAN,Owambe,2,"Flowing robe, northern cut",,,live
FILA,Owambe,1,The Yoruba man's cap,,,live
CORAL,Owambe,2,Red beads for chiefs and brides,,,live
COOLER,Owambe,2,The rice container you carry home from a party,,,live
TAKEAWAY,Owambe,2,The pack of party food to go,,,live
ALANTA,Owambe,2,An energetic street dance,,,live
SHOKI,Owambe,1,Once-everywhere dance move,,,live
ZANKU,Owambe,1,Legwork dance; 'legwork',,LEGWORK,live
ALERT,Naija,1,The bank SMS that says money entered,,,live
ESUSU,Naija,2,Rotating group savings,,AJO,live
SAPA,Naija,1,"Sudden, total brokenness",,,live
HUSTLE,Naija,2,The daily grind for money,,,live
ALLAWEE,Naija,3,The small monthly NYSC allowance,,,live
SUBSIDY,Naija,3,The fuel-price cushion that keeps ending,,,live
SCARCITY,Naija,3,When fuel or cash suddenly can't be found,,,live
BLACKOUT,Naija,2,"No light, sometimes for days",,,live
GENERATOR,Naija,3,The machine that hums when NEPA fails,,GEN,live
INVERTER,Naija,3,Battery backup for the blackout,,,live
LANDLORD,Naija,2,Wants two years' rent upfront,,,live
FACEME,Naija,2,Face-me-I-face-you shared-corridor housing,,,live
GATEMAN,Naija,2,"Opens the gate, knows everybody's business",,MAIGUARD,live
BOREHOLE,Naija,2,Private water well when there's no tap,,,live
HAGGLE,Market,2,To price it down hard,,PRICEDOWN,live
CUSTOMER,Market,2,What the trader calls you to reel you in,,,live
CONGO,Market,2,A tin cup used to measure grain,,,live
MUDU,Market,2,A northern measuring bowl for grain,,,live
NYLON,Market,1,The thin plastic bag for your goods,,,live
HAWKER,Market,2,Sells through the car window in traffic,,,live
UMBRELLA,Market,2,Shades the roadside stall,,,live
DISCOUNT,Market,2,'Add something' - what you beg for,,,live
TOPUP,Market,1,"To add airtime, or a bit more of anything",,RECHARGE,live
AMAPIANO,Sound,3,"Log-drum sound from SA, now everywhere here",,,live
ALUJO,Sound,2,Yoruba celebration dance music,,,live
SAKARA,Sound,2,Old Yoruba style with a clay-frame drum,,,live
GANGAN,Sound,2,The talking drum that 'speaks',,,live
SEKERE,Sound,2,Beaded gourd shaker,,SHEKERE,live
OGENE,Sound,2,Igbo metal gong,,,live
KAKAKI,Sound,3,Long metal trumpet of northern royalty,,,live
AGIDIGBO,Sound,3,Big thumb-piano that carries the bass,,,live
NOLLYWOOD,Screen,3,The film industry itself,,,live
KANNYWOOD,Screen,3,Hausa-language cinema out of Kano,,,live
SKIT,Screen,1,Short comedy clip for the internet,,,live
COMEDIAN,Screen,2,Fills the space between owambe performances,,,live
PREMIERE,Screen,2,Red-carpet first screening,,,live
SEQUEL,Screen,2,Part 2 - Nollywood loves them,,,live
BABALAWO,Screen,3,The diviner every village film has,,,live
DIBIA,Screen,2,Igbo medicine man of the movies,,,live
OGBANJE,Screen,3,A child spirit that keeps dying and returning,,ABIKU,live
MAMIWATA,Screen,3,"The water spirit, half woman half fish",,,live
RITUAL,Screen,2,The money plot in half of Nollywood,,,live
MASQUERADE,Screen,3,Ancestral spirit in costume; 'egungun',,EGUNGUN,live
IGWE,Screen,1,The Igbo king on his throne,,,live
PALACE,Screen,2,Where the Igwe hears the village matter,,,live
HALLELUJAH,Faith,3,The Sunday shout of praise,,,live
CRUSADE,Faith,2,Big open-ground gospel gathering,,,live
VIGIL,Faith,2,All-night prayer meeting,,,live
ANOINTING,Faith,3,"Oil, and the power that goes with it",,,live
TITHE,Faith,2,The tenth you bring on Sunday,,,live
TESTIMONY,Faith,3,'This time last year...' at the mic,,,live
MALLAM,Faith,2,A learned man; also the corner kiosk owner,,,live
RAMADAN,Faith,2,The month of fasting,,,live
SALLAH,Faith,2,The festival with rams and new clothes,,,live
TASBIH,Faith,3,Prayer beads counted in the hand,,,live
CHOIR,Faith,1,"Robes, harmonies, the front of the church",,,live
SERMON,Faith,2,The message from the pulpit,,,live
AUNTY,People,1,Any older woman you respect,,,live
UNCLE,People,1,Any older man you respect,,,live
LANDLADY,People,2,The one who owns the compound,,,live
NEIGHBOUR,People,2,Shares your fence and your generator noise,,,live
INLAW,People,1,Family you married into,,,live
COWIFE,People,2,Your husband's other wife,,,live
LASTBORN,People,2,The spoiled one of the house,,,live
UMUNNA,People,3,"The extended kindred, Igbo",,,live
HOUSEBOY,People,2,"Live-in domestic help, male",,,live
STEWARD,People,2,Serves the food and drinks at the event,,,live
APPRENTICE,People,3,Learning a trade under 'oga' for years,,,live
WIDOW,People,1,She wears black and endures the rites,,,live
JAMB,School,1,The exam board between you and university,,,live
WAEC,School,1,The senior secondary certificate exam,,,live
NECO,School,1,The other big secondary exam body,,,live
POSTUTME,School,3,The screening after JAMB,,,live
CARRYOVER,School,3,A failed course you must repeat,,,live
HANDOUT,School,2,Lecture notes you're 'advised' to buy,,,live
LECTURER,School,3,"Sets the exam, signs the result",,,live
HOSTEL,School,2,"Bunk beds, buckets, and no light",,,live
PREFECT,School,2,Student with a whistle and a little power,,,live
ASSEMBLY,School,2,"Morning line-up, anthem and pledge",,,live
UNIFORM,School,2,Same colour for the whole school,,,live
CANE,School,1,The teacher's tool of correction,,,live
TORTOISE,Animal,2,The trickster of every folktale,,MBE|IJAPA,live
AGAMA,Animal,2,Orange-headed wall lizard,,,live
PYTHON,Animal,2,The big snake of the shrine scenes,,,live
BUSHMEAT,Animal,2,"Grasscutter and friends, from the bush",,,live
PERIWINKLE,Animal,3,Little spiral shellfish in the soup,,,live
CAMEL,Animal,1,Beast of the far north,,,live
DONKEY,Animal,2,Carries the load up north,,,live
VULTURE,Animal,2,Circles the abattoir,,,live
COCKROACH,Animal,3,Runs when the light comes on,,,live
MOSQUITO,Animal,2,The reason for the net and the coil,,,live
TERMITE,Animal,2,'Aku' - swarms after the first rain,,AKU,live
CRICKET,Animal,2,Chirps all night in the grass,,,live
CROCODILE,Animal,3,Lurks still in the muddy river,,,live
ANTELOPE,Animal,2,'Nchi' - the swift one of the forest,,,live
BUCKET,Home,1,How you bathe when there's no running water,,,live
BROOM,Home,1,Bundle of palm ribs for sweeping,,,live
PACKER,Home,2,The dustpan for the swept dirt,,,live
KEROSENE,Home,3,Fuel for the stove and the lantern,,,live
LANTERN,Home,2,Light for reading during blackout,,,live
TORCHLIGHT,Home,3,Handheld light for the dark corridor,,,live
AIRTIME,Home,2,Credit for calls and data,,,live
STABILIZER,Home,3,Guards the fridge from voltage swings,,,live
BLENDER,Home,2,Grinds pepper and tomatoes at 6am,,,live
MORTAR,Home,2,Wooden bowl you pound the fufu in,,,live
PESTLE,Home,2,The heavy club that pounds,,,live
FIREWOOD,Home,2,Cooks the big party pots,,,live
COALPOT,Home,2,Charcoal stove for slow cooking,,,live
JERRYCAN,Home,2,Yellow container for fuel or water,,GEEPEE,live
WARDROBE,Home,2,Where the aso ebi is kept,,,live
MATTRESS,Home,2,'Mouka foam' on the floor for guests,,FOAM,live
OGBONO,Chop,2,Wild-mango seed for the drawing soup,,APON,live
AFANG,Chop,3,"Efik vegetable soup, rich and green",,,live
UGWU,Chop,1,"Pumpkin leaf, in the soup and the juice",,,live
OKAZI,Chop,2,"Tough forest leaf, shredded thin",,UKAZI,live
GROUNDNUT,Chop,2,Roasted and sold in bottles by the road,,EPA,live
TIGERNUT,Chop,2,"Chewy tuber, blended into a milk drink",,OFIO,live
PLANTAIN,Chop,2,"Fry it ripe for dodo, roast it green for boli",,,live
COCOYAM,Chop,2,"Thickens the soup, or eaten boiled",,,live
SOURSOP,Chop,2,"Spiky green fruit, soft white inside",,,live
CHAPMAN,Chop,2,Red mocktail with cucumber and bitters,,,live
TATAFO,Gist,2,"A gossip, a busybody",,OFOFO,live
OLOSHI,Gist,2,"An unlucky, jinxed person",,,live
OJORO,Gist,2,Cheating in a game,,,live
SHINE,Gist,1,"To show off, be seen",,,live
BALLING,Gist,2,"Living large, spending free",,,live
AJEBOTA,Gist,3,"Soft, sheltered, city-raised",,AJEBUTTER,live
AJEPAKO,Gist,3,"Streetwise, rough around the edges",,,live
LEVELS,Gist,1,"Status, how far you've come",,,live
SETUP,Gist,1,A staged trap to catch someone,,,live
BLOW,Gist,1,To suddenly become famous or rich,,,live
GBADUN,Pidgin,2,"To enjoy, to vibe with",,,live
YIMU,Pidgin,1,The mouth-twist of disdain,,,live
SHIKENA,Pidgin,2,"That's all, case closed",,,live
OGINI,Pidgin,2,Igbo for 'what is it?',,,live
DRAG,Pidgin,1,"To pull, or to argue over",,,live
ABEOKUTA,Streets,3,"Ogun State capital, city under the rock",,,live
AKURE,Streets,2,Ondo State capital,,,live
OSOGBO,Streets,2,"Osun State capital, the sacred grove",,,live
ILORIN,Streets,2,"Kwara State capital, the gateway",,,live
LOKOJA,Streets,2,Where the Niger and Benue meet,,,live
MAKURDI,Streets,3,Benue State capital on the river,,,live
KATSINA,Streets,2,Ancient northern trading city,,,live
NSUKKA,Streets,2,University town in Enugu State,,,live
UMUAHIA,Streets,3,Abia State capital,,,live
YENAGOA,Streets,3,"Bayelsa State capital, creeks all around",,,live
BADAGRY,Streets,2,"Coastal town, slave-trade history",,,live
IKORODU,Streets,2,Fast-growing Lagos mainland town,,,live
FESTAC,Streets,2,Planned Lagos estate from the '77 festival,,,live
AGEGE,Streets,1,Lagos suburb famous for its bread,,,live
ABAYA,Owambe,2,Long flowing robe for women,,,live
HIJAB,Owambe,1,Headscarf covering the hair and neck,,,live
ILEKE,Owambe,2,Waist beads worn under the wrapper,,,live
OLEKU,Owambe,2,Short-sleeved iro-and-buba style,,,live
SHUKU,Owambe,2,Cornrows gathered up into a crest,,,live
PATEWO,Owambe,2,Cornrows curved to meet in the middle,,,live
DIDI,Owambe,1,Cornrows woven flat to the scalp,,,live
WEAVON,Owambe,2,Hair extension sewn or glued in,,WEAVE,live
BANGLE,Owambe,2,"Stiff bracelet, stacked up the wrist",,,live
EGUNJE,Naija,2,"A bribe, quietly given",,KOLA,live
KOLANUT,Naija,2,Broken and shared to welcome a guest,,,live
DRIZZLE,Naija,2,Light rain that still stops the market,,,live
DOWNPOUR,Naija,2,Heavy rain that floods the road fast,,,live
FLOODING,Naija,2,When the gutter overflows into the house,,,live
GUTTER,Naija,2,The open roadside drain,,,live
EROSION,Naija,2,"Gullies eating the land, big in the south-east",,,live
BALLOT,Naija,2,The paper you thumbprint on election day,,,live
THUMBPRINT,Naija,3,How you mark your choice at the poll,,,live
CHECKPOINT,Naija,3,Where the road is blocked and 'anything for the boys',,,live
PASTOR,Faith,1,"Leads the church, the 'daddy G.O.' of the branch",,,live
PROPHET,Faith,2,"Sees visions, gives words",,,live
BISHOP,Faith,2,Senior clergy over many churches,,,live
REVIVAL,Faith,2,Nights of preaching to stir the church,,,live
FELLOWSHIP,Faith,3,"Mid-week gathering, or a campus group",,,live
HARVEST,Faith,2,The Sunday of pledges and bidding,,,live
JUMMAH,Faith,2,The Friday congregational prayer,,JUMAT,live
MINARET,Faith,3,The tower the call to prayer comes from,,,live
ZAKAT,Faith,2,The alms every Muslim owes yearly,,,live
TUTORIAL,School,3,Extra evening coaching for the exam,,LESSON,live
PROMOTION,School,3,Moving up to the next class,,,live
REGISTRAR,School,3,"Keeps the records, signs the transcript",,,live
PROVOST,School,2,Head of a college of education,,,live
FACULTY,School,2,A cluster of related departments,,,live
RUSTICATE,School,3,To be sent away from school for a term,,,live
SIWES,School,2,The industrial-training placement,,IT,live
MOCK,School,1,The practice exam before the real one,,,live
GECKO,Animal,1,Pale wall lizard that hunts at night,,,live
CHAMELEON,Animal,3,"Changes colour, walks like it's thinking",,,live
SCORPION,Animal,2,"Sting in the tail, hides in firewood",,,live
MILLIPEDE,Animal,3,Curls into a coil when touched,,,live
EARTHWORM,Animal,3,Comes up when the rain soaks the ground,,,live
HORNBILL,Animal,3,Big-beaked forest bird,,,live
EGRET,Animal,1,White bird that follows the cattle,,,live
GUINEAFOWL,Animal,3,"Speckled bird, wilder cousin of the chicken",,,live
SIEVE,Home,1,Strains the pap and the bean skins,,,live
COLANDER,Home,3,Perforated bowl for draining rice,,,live
FLASK,Home,1,Keeps the hot water for the tea,,,live
KETTLE,Home,2,"Boils water, also used for ablution",,,live
LADLE,Home,1,Deep spoon for serving soup,,,live
GRATER,Home,2,Shreds the cassava or the coconut,,,live
DUSTBIN,Home,2,Where the wrapper and peels go,,,live
CUPBOARD,Home,2,Holds the plates and the garri,,,live
BARGAIN,Market,2,The back-and-forth over the price,,,live
WHOLESALE,Market,3,Buying by the carton to resell,,,live
RETAIL,Market,2,Selling one or two at a time,,,live
CARTON,Market,2,The box things come packed in,,,live
DOZEN,Market,1,Twelve - or 'give me half',,,live
BALE,Market,1,A pressed bundle of okrika clothes,,,live
BATA,Sound,1,Set of talking drums for Sango worship,,,live
OMELE,Sound,2,The small support drum in the ensemble,,,live
AGOGO,Sound,2,Hand-held metal bell struck for rhythm,,,live
SUBTITLE,Screen,2,Text at the bottom for the Yoruba film,,,live
REMAKE,Screen,2,Shooting an old classic again,,,live
TRAILER,Screen,2,The teaser that drops before the film,,,live
BOXOFFICE,Screen,3,What the cinema run earns,,,live
TENANT,People,2,Pays the landlord and prays the rent holds,,,live
CARETAKER,People,3,Manages the compound for an absent owner,,,live
MECHANIC,People,2,Works under the car at the roadside,,MEKANIK,live
VULCANIZER,People,3,Patches and pumps your flat tyre,,,live
TAILOR,People,1,Sews your aso ebi - 'come tomorrow',,,live
KINSMAN,People,2,A man of your extended family or town,,,live
SEMO,Chop,1,Smooth swallow made from semolina,,,live
WARA,Chop,2,"Soft Fulani cheese, fried golden",,,live
NUNU,Chop,2,"Fulani fermented milk, sold in a calabash",,,live
FURA,Chop,2,Millet dough balls stirred into nunu,,,live
MASA,Chop,2,Spongy northern rice cakes,,MASSA,live
KOSAI,Chop,2,The North's word for akara,,,live
TUWO,Chop,2,Northern swallow of rice or corn,,,live
KUKA,Chop,2,Baobab-leaf soup from up North,,,live
ADALU,Chop,2,Beans and corn cooked in one pot,,,live
EKURU,Chop,2,Plain white steamed bean pudding,,,live
OJOJO,Chop,2,"Water-yam fritters, Yoruba",,,live
IKOKORE,Chop,3,Ijebu water-yam pottage,,,live
STARCH,Chop,2,"Warri's orange swallow, eaten with banga",,,live
PITO,Chop,2,Fermented cereal drink of the Middle Belt,,,live
UDARA,Chop,2,Igbo name for the star apple,,,live
OGIRI,Chop,2,Pungent fermented condiment for soup,,,live
ATAMA,Chop,2,Aromatic leaf that flavours banga soup,,,live
KAIKAI,Chop,2,"Raw local gin, cousin to ogogoro",,,live
PALMOIL,Chop,1,"Red oil, the base of nearly every pot",,,live
GALA,Chop,1,Sausage roll bought through the car window,,,live
KPEKERE,Chop,2,Crunchy plantain chips in a nylon,,,live
EDIKAIKONG,Chop,3,Rich Efik soup thick with vegetables,,,live
KANO,Streets,1,The North's biggest commercial city,,,live
WARRI,Streets,1,Delta city that no dey carry last,,,live
OWERRI,Streets,1,"Imo capital, city of endless hotels",,,live
SOKOTO,Streets,2,"Seat of the Caliphate, far northwest",,,live
MAIDUGURI,Streets,2,Borno capital in the northeast,,,live
ZARIA,Streets,2,Ancient walled city near Kaduna,,,live
BAUCHI,Streets,2,Northeast state and its capital,,,live
MINNA,Streets,2,Niger State capital on the rail line,,,live
ASABA,Streets,1,Delta capital across the Niger from Onitsha,,,live
AWKA,Streets,2,"Anambra capital, town of blacksmiths",,,live
NNEWI,Streets,2,Anambra's auto-parts manufacturing town,,,live
OJUELEGBA,Streets,2,Lagos junction Fela made famous,,,live
OBALENDE,Streets,2,Lagos Island motor park and buka strip,,,live
NYANYA,Streets,2,Satellite town on the Abuja-Keffi road,,,live
KUBWA,Streets,2,Big Abuja suburb on the Kaduna road,,,live
WUSE,Streets,2,Abuja district with the big market,,,live
MAITAMA,Streets,2,Abuja's embassy and old-money district,,,live
EXPRESSWAY,Streets,2,The wide road everybody just calls 'express',,,live
FLYOVER,Streets,1,The bridge that lifts you over the go-slow,,,live
ROUNDABOUT,Streets,2,Circle where six roads argue,,,live
KABUKABU,Streets,2,"Unpainted, unofficial taxi",,,live
PASSENGER,Streets,1,"You, squeezed four-to-a-row in the danfo",,,live
CHOP,Gist,1,To eat - or to enjoy money that isn't yours,,,live
CHOKE,Gist,1,So good it almost hurts - 'this jollof choke',,,live
CRASE,Gist,2,Your head don crase - you've lost it,,,live
WEREY,Gist,2,Madman - said with fondness or fury,,WERE,live
MUGU,Gist,2,A fool lined up to be scammed,,,live
GASKIYA,Gist,2,"Hausa for 'truth' - 'gaskiya, I'm tired'",,,live
GBEBORUN,Gist,3,A gossip who runs to spread the news,,,live
FAAJI,Gist,2,"Enjoyment, the whole vibe of a good time",,,live
OLOFOFO,Gist,2,"The compound informant, always watching",,,live
MADAM,Gist,1,"The woman in charge, of the house or the shop",,,live
OGBENYE,Gist,3,"A wretch, someone with nothing",,,live
OSHEY,Gist,2,"Thank-you shout, also mock praise",,OSHE,live
CHAIRMAN,Gist,1,Respect title for any big man - 'chairman!',,,live
BIGMAN,Gist,1,Somebody with money and the urge to show it,,,live
PEPPER,Gist,2,To spray cash and stunt - 'pepper dem',,,live
CARRYGO,Gist,2,"Keep going, forget it - 'no wahala, carry go'",,,live
LONGTHROAT,Gist,2,"Greed, wanting every good thing at once",,,live
SIDDON,Gist,2,Sit down - 'siddon look' means mind your business,,,live
CONFAM,Gist,2,"Confirmed, for sure - stronger than 'sure'",,,live
TURNUP,Gist,1,When the party finally catches fire,,,live
VAWULENCE,Gist,2,"Playful online trouble-making, mock violence",,,live
PALLIATIVE,Gist,2,Government relief food - the word turned bitter,,,live
HOWFAR,Pidgin,1,The standard hello - 'how far?',,,live
WALAHI,Pidgin,2,I swear - borrowed through Hausa,,WALLAHI,live
SEBI,Pidgin,2,Isn't it so? - 'sebi I told you',,SHEBI,live
GHENGHEN,Pidgin,2,"Sound-effect for drama - 'and then, ghen ghen'",,,live
YAKATA,Pidgin,2,Flat on the ground - 'he fall yakata',,,live
TORI,Pidgin,1,"Story, news - 'wetin be the tori?'",,,live
EFIZZY,Pidgin,2,"Showing off, flamboyance",,,live
PIKIN,Pidgin,1,A child - 'that pikin sabi book',,,live
MAKA,Pidgin,2,Because - Igbo 'maka gini?' means why,,,live
GOSLOW,Pidgin,1,A traffic jam - Lagos calls it this,,,live
LASGIDI,Pidgin,2,Fond nickname for Lagos,,,live
NASO,Pidgin,2,That's how it is - 'na so we see am',,,live
KPATAKPATA,Pidgin,2,"Completely, totally - 'e spoil kpatakpata'",,,live
FIAM,Pidgin,3,"Instantly, in a flash - 'e disappear fiam'",,,live
FUELQUEUE,Naija,2,The line at the filling station that never moves,,,live
PETROL,Naija,1,What you queue for while the price keeps jumping,,,live
DIESEL,Naija,1,Runs the big gen when there's no light,,,live
TRANSFER,Naija,1,How you pay now - 'I've done the transfer',,,live
RECHARGE,Naija,1,Buy credit for the phone,,,live
INFLATION,Naija,2,Why the same market money now buys half,,,live
CAUTION,Naija,2,Deposit the landlord keeps 'for repairs',,,live
TENEMENT,Naija,3,Face-me-I-face-you rooms off one corridor,,,live
QUARTERS,Naija,2,Staff housing that comes with the job - 'BQ',,,live
PENSION,Naija,2,The money retirees queue in the sun to verify,,,live
GRATUITY,Naija,3,"Lump sum owed at retirement, often unpaid",,,live
UPNEPA,Naija,2,The shout when the power suddenly returns,,,live
GENSET,Naija,2,"The generator, in one word",,,live
PREPAID,Naija,2,The meter you load before you can burn light,,,live
THUNDER,Naija,1,Wetin dem go take swear for you,,,live
FLASHFLOOD,Naija,3,Water that fills the street in one downpour,,,live
BUBA,Owambe,1,The loose blouse worn with an iro,,,live
KEMBE,Owambe,2,"Wide three-quarter trousers, Yoruba style",,,live
AKWETE,Owambe,2,"Handwoven cloth from Aba, bold stripes",,,live
OKENE,Owambe,2,"Ebira handwoven cloth, rich and heavy",,,live
ETIBO,Owambe,2,Long shirt of the Niger Delta chiefs,,,live
HOLLANDIS,Owambe,3,"Real Dutch wax, the wrapper you save for big days",,,live
BROCADE,Owambe,2,Shiny raised-pattern fabric for kaftans,,,live
LACE,Owambe,1,"The party fabric - French, Swiss, dry or soft",,,live
IPELE,Owambe,2,Shoulder sash worn over the buba,,,live
ABETIAJA,Owambe,3,'Dog-ear' cap that folds at the sides,,,live
GOBI,Owambe,2,Tall straight-up cap worn with agbada,,,live
HEADTIE,Owambe,1,"Cloth wrapped for church, plainer than gele",,,live
AUTOGELE,Owambe,2,The ready-made gele you just slip on,,,live
DAMASK,Owambe,2,"Heavy self-patterned cloth, 'first lady' material",,,live
SLIPPERS,Home,1,Rubber 'pafuka' for the house and beyond,,,live
PILLOW,Home,1,What you fight your sibling for at night,,,live
BLANKET,Home,1,Comes out only in Harmattan,,,live
CURTAIN,Home,1,Doubles as the door in many rooms,,,live
HURRICANE,Home,2,Old kerosene lamp with a glass chimney,,,live
STOVE,Home,1,Kerosene one you pump before it lights,,,live
WARMER,Home,1,Where the soup waits between meals,,,live
WRAPPER,Home,1,"Blanket, towel and baby-carrier in one cloth",,,live
BURGLARY,Home,2,The welded bars over every window - 'burglary proof',,,live
PARLOUR,Home,1,The sitting room kept nice for visitors,,,live
VERANDAH,Home,1,The front porch where evenings are spent,,VERANDA,live
SOAKAWAY,Home,2,The pit that takes the house's waste water,,,live
STANDPIPE,Home,2,Public tap the whole street queues at,,,live
RAFFIA,Home,2,Palm-fibre for brooms and mats,,,live
BENDDOWN,Market,2,Second-hand clothes spread on the ground,,,live
LASTPRICE,Market,2,'How much last?' - the real starting point,,,live
JARA,Market,1,The little extra the seller tops your measure with,,,live
MEASURE,Market,1,The cup or tin the grains are sold by,,,live
TRADER,Market,1,The woman who owns the stall and the last word,,,live
IYALOJA,Market,2,"The market's mother, head of the women traders",,,live
BABALOJA,Market,3,"The market's chief, counterpart to iyaloja",,,live
LOADER,Market,1,Fills the bus at the park and shouts the fare,,,live
SUPPLIER,Market,2,"The one 'wey dey supply', a rung above retail",,,live
CREDIT,Market,1,'Write am for book' - pay after payday,,,live
STOCKFISH,Market,2,Dried cod traded by the carton,,,live
PROVISIONS,Market,1,"Milk, sugar, tea - the kiosk shelf staples",,,live
HYENA,Animal,1,Laughs in the northern bush at night,,,live
WARTHOG,Animal,2,"Bush pig with tusks, tail up when it runs",,,live
BABOON,Animal,1,"Rock-climbing monkey, big and bold",,,live
LEOPARD,Animal,2,The bush cat on Nigeria's coat of arms,,,live
HIPPO,Animal,1,River horse of the Niger and Benue,,,live
MANATEE,Animal,2,Gentle 'sea cow' of the delta creeks,,,live
PANGOLIN,Animal,3,Scaly anteater that rolls into a ball,,,live
MONGOOSE,Animal,2,"Quick and low, will fight a snake",,,live
LOCUST,Animal,1,Comes in a cloud and finishes the farm,,,live
WEAVERBIRD,Animal,2,Yellow bird that knots hanging nests in the palm,,,live
FRUITBAT,Animal,2,"Hangs in the iroko tree, screeches at dusk",,,live
DUIKER,Animal,2,"Small forest antelope, common bushmeat",,,live
BUSHFOWL,Animal,2,"Wild francolin, flushed from the grass",,,live
LIZARD,Animal,1,Red-headed agama doing press-ups on the wall,,,live
VIPER,Animal,2,"Fat, slow, and why you carry a torch at night",,,live
TSETSE,Animal,2,The fly that carries sleeping sickness,,,live
ALTAR,Faith,1,Where you go forward for prayer,,,live
OFFERING,Faith,1,"The second collection, after the tithe",,,live
WATCHNIGHT,Faith,2,The 31st December service into the new year,,,live
DEACON,Faith,2,"Ordained helper, a step below the pastor",,,live
APOSTLE,Faith,2,Title many Nigerian church founders take,,,live
IMAM,Faith,1,Leads the prayer and the Friday sermon,,,live
MUEZZIN,Faith,2,Calls the faithful five times a day,,,live
SUHUR,Faith,2,The pre-dawn meal before the fast,,SAHUR,live
IFTAR,Faith,2,The meal that breaks the Ramadan fast,,,live
ALMAJIRI,Faith,3,A boy sent far from home to study the Qur'an,,,live
HALAL,Faith,1,"Permitted, especially the meat",,,live
HARAM,Faith,1,Forbidden - 'that thing na haram',,,live
JAMBITE,School,2,"A fresh undergraduate, still finding classes",,,live
MATRIC,School,2,The gown-and-oath ceremony for new students,,,live
ACADA,School,2,"Slang for a bookish, serious student",,,live
BURSARY,School,2,"The office that pays, and the small grant itself",,,live
DEPARTMENT,School,1,Your course's home - 'which department?',,,live
SANDWICH,School,2,Part-time degree run in the long vacation,,,live
CORPER,School,1,A youth-service member in khaki for a year,,KOPA,live
KHAKI,School,1,The NYSC uniform - 'off your khaki',,,live
REDEMPTION,School,2,The final NYSC clearance date,,,live
EXPO,School,2,Leaked answers passed round the exam hall,,,live
CHALKBOARD,School,1,"Green board, white chalk, dusty duster",,,live
BOARDING,School,1,School you sleep in - 'boarding house',,,live
SCRIPT,Screen,1,What the actor is supposed to have learned,,,live
LOCATION,Screen,1,Where filming happens - 'we're on location',,,live
TEASER,Screen,1,The short clip that drops before the trailer,,,live
CROSSOVER,Screen,2,A film pairing Nollywood and Ghallywood stars,,,live
MARKETER,Screen,2,The Idumota man who funds and sells the film,,,live
IDUMOTA,Screen,3,Lagos market that was Nollywood's distribution hub,,,live
VOICEOVER,Screen,2,The narrator explaining what you can already see,,,live
SOUNDTRACK,Screen,2,The song under every emotional scene,,,live
CINEMA,Screen,1,"Where you watch it big, with popcorn prices",,,live
CAMEO,Screen,2,A star's quick one-scene appearance,,,live
FIRSTBORN,People,1,The one who carries the family's hopes,,,live
NAMESAKE,People,1,You carry their name - 'my namesake',,,live
SUITOR,People,1,The man 'coming to see' the family,,,live
GRANNY,People,1,"'Mama', the elder everybody defers to",,,live
GUARDIAN,People,1,The relative a child is 'kept with' in the city,,,live
HOUSEGIRL,People,1,"The live-in help, counterpart to houseboy",,,live
ARTISAN,People,1,"Any hands-on tradesman, carpenter to mason",,,live
WELDER,People,1,Sparks flying at the roadside workshop,,,live
CARPENTER,People,1,Makes the wardrobe and the coffin,,,live
BRICKLAYER,People,1,"Lays the blocks - everyone says this, not mason",,,live
OKADAMAN,People,1,Rides you through the traffic on two wheels,,,live
SECURITY,People,1,The 'mai guard' at the gate,,,live
ALFA,People,2,A Yoruba Muslim cleric and prayer-writer,,,live
KABIYESI,People,3,"'Your highness', how you hail an oba",,,live
GALALA,Sound,2,"Gritty Ajegunle street sound and dance, '90s",,,live
KONTO,Sound,2,Ajegunle dance craze that followed galala,,,live
MAKOSSA,Sound,2,Cameroonian groove that ruled Lagos parties,,,live
SHAKU,Sound,2,"'Shaku shaku', the arms-crossed street dance",,,live
LEGWORK,Sound,2,Fast fancy footwork dance from the streets,,,live
IGBIN,Sound,2,Sacred Yoruba drum played for Obatala,,,live
KALANGU,Sound,2,"The Hausa talking drum, squeezed under the arm",,,live
MOLO,Sound,2,"Northern plucked lute, ancestor of the banjo",,,live
ONUGBU,Chop,2,"Bitterleaf, the base of bitterleaf soup",,,live
IYAN,Chop,2,"Pounded yam, Yoruba name for it",,,live
KANDA,Chop,2,"Cow-skin snack, chewy and salted",,,live
BALANGU,Chop,2,"Roasted meat, the northern cousin of suya",,,live
FISHROLL,Chop,1,"Fried pastry with a fish filling, bus-stop snack",,,live
MEATPIE,Chop,1,Flaky pastry parcel of minced meat,,,live
ROBO,Chop,2,Melon-seed cake sold on a tray,,,live
TOMBROWN,Chop,2,"Roasted-maize cereal, for babies and big babies too",,,live
CUSTARD,Chop,1,"Yellow cornflour porridge, a breakfast staple",,,live
EGGROLL,Chop,1,Boiled egg wrapped in fried dough,,,live
GIZZARD,Chop,1,"Chewy chicken part, a party plate favourite",,,live
ASUN,Chop,2,"Spicy grilled goat meat, chopped small",,,live
GOMBE,Streets,2,"Northeast capital, 'jewel in the savannah'",,,live
IJEBU,Streets,2,Yoruba town famous for garri and shrewdness,,,live
EKITI,Streets,2,"Southwest state, hilly and proud",,,live
GARKI,Streets,2,One of Abuja's original diplomatic districts,,,live
BENIN,Streets,2,"Edo capital, ancient bronze-casting city",,,live
KEFFI,Streets,3,Nasarawa town on the road to Abuja,,,live
OGBOMOSO,Streets,3,Old Oyo town on the Lagos-Ibadan-Kano road,,,live
BUSSTOP,Streets,1,Where the danfo conductor is shouting your route,,,live
TRICYCLE,Streets,1,"Three-wheeled taxi, another name for keke",,,live
SPEEDBUMP,Streets,1,The 'sleeping policeman' that slows every danfo,,,live
ONEWAY,Streets,2,"Street with traffic going one direction, until okada ignores it",,,live
ROADSIDE,Streets,1,"Where the suya, gala and recharge cards are sold",,,live
GBOZA,Gist,2,"Shout of triumph, 'gboza!'",,,live
SHEGE,Gist,2,"Big trouble, Hausa-flavoured, 'you don see shege'",,,live
JAGABAN,Gist,2,"Chieftaincy title for a big man, 'the landlord'",,,live
BANGER,Gist,1,A song or a jollof that absolutely slaps,,,live
SLAY,Gist,1,"To dress stunningly, 'slay queen'",,,live
TRENDING,Gist,1,Everybody's talking about it online right now,,,live
CRINGE,Gist,2,"Secondhand embarrassment, 'that one cringe well well'",,,live
TACKLE,Gist,2,"To hit on someone romantically, 'e wan tackle am'",,,live
BABYGIRL,Gist,1,"A pampered, fashionable young woman",,,live
OMONILE,Gist,3,Self-declared 'son of the land' who extorts builders,,,live
CANCEL,Gist,2,To publicly disown someone online,,,live
KUKUMA,Gist,3,"Filler word for emphasis, 'just do am kukuma'",,,live
CHEI,Pidgin,1,"Exclamation of shock, 'chei, see wahala'",,,live
GBOSA,Pidgin,2,"Sound of impact or emphasis, 'gbosa, he don fall'",,,live
AZAMAN,Pidgin,3,"A show-off, flashy dresser, 'na azaman be that'",,,live
WUNA,Pidgin,2,"You all, the plural you, pidgin 'wuna'",,,live
KEDU,Pidgin,2,Igbo for 'how are you',,,live
SANNU,Pidgin,2,Hausa word for 'welcome' or 'hello',,,live
BAWO,Pidgin,2,"Yoruba for 'how', start of every greeting",,,live
ODABO,Pidgin,2,Yoruba for 'goodbye',,,live
NGWA,Pidgin,3,"Igbo for 'come on, hurry up'",,,live
DALU,Pidgin,2,Igbo for 'thank you',,,live
USSD,Naija,2,"Bank code you dial without internet, like *737#",,,live
DOLLAR,Naija,1,"Currency everybody prices things in, unofficially",,,live
AGENT,Naija,1,Charges a fee to 'find' you an apartment,,,live
ESTATE,Naija,1,"Gated compound of similar houses, with its own gate fee",,,live
DIASPORA,Naija,2,"Nigerians abroad, sending remittances home",,,live
REMIT,Naija,2,Money sent home from abroad,,,live
BUDGET,Naija,1,"Government spending plan, argued over every year",,,live
SALARY,Naija,1,The alert everybody waits for by month-end,,,live
ALLOWANCE,Naija,2,"Extra pay on top of salary, transport or housing",,,live
TAXPAYER,Naija,2,Citizen funding the roads that still have potholes,,,live
BEADS,Owambe,1,"Coral or crystal, worn heavy for the occasion",,,live
CATERER,Owambe,1,Handles the small chops and jollof for 500 guests,,,live
COMPERE,Owambe,2,MC who hypes the crowd and calls names for spraying,,,live
CANOPY,Owambe,1,Rented tent shading the whole street for the party,,,live
GATECRASH,Owambe,2,"To attend uninvited, everybody does it at owambe",,,live
EMCEE,Owambe,1,"Party host with the mic, same as compere",,,live
BALLOON,Owambe,1,"Inflated decoration, arches everywhere at the entrance",,,live
SOUVENIR,Owambe,1,"The branded fan, mug or towel you go home with",,,live
CEILING,Home,1,"POP design overhead, the pride of the sitting room",,,live
TERRAZZO,Home,2,"Shiny speckled floor finish, common in Naija houses",,,live
BALCONY,Home,1,Upper floor's own verandah,,,live
GATE,Home,1,"First thing the visitor meets, often locked",,,live
FENCE,Home,1,"Wall around the compound, topped with broken bottles",,,live
COMPOUND,Home,1,The whole house and yard together,,,live
TANK,Home,1,"Overhead water storage, the big black or blue drum",,,live
PADLOCK,Home,1,"Secures the gate, everybody has a spare key",,,live
SCALE,Market,1,Weighs the meat or the pepper before you pay,,,live
BASKET,Market,1,Woven carrier for market shopping,,,live
STALL,Market,1,A trader's fixed spot in the market,,,live
KIOSK,Market,1,"Small roadside shop, often selling provisions",,,live
CHANGE,Market,1,Small notes the conductor never has,,,live
PROFIT,Market,1,What the trader hopes for after the haggling,,,live
WAYBILL,Market,2,Paper that tracks goods sent by bus from the market,,,live
ONIONS,Market,1,Makes every pot cry a little,,,live
AZONTO,Sound,2,Ghana-born dance craze that swept Naija too,,,live
ETIGHI,Sound,3,"PSquare-era dance move, shoulder-shrug style",,,live
SKELEWU,Sound,2,Davido's breakout dance move,,,live
KUKERE,Sound,2,"Iyanya's hit dance, hips and all",,,live
ORGAN,Sound,1,Keyboard the church and juju band both can't do without,,,live
TRUMPET,Sound,1,"Brass instrument, loud at owambe and church",,,live
BEAT,Sound,1,The rhythm underneath every Afrobeats hit,,,live
LYRICS,Sound,1,"Words of the song, sometimes half English half pidgin",,,live
ACTOR,Screen,1,Plays the villain everybody loves to hate,,,live
ACTRESS,Screen,1,Leading lady of the Nollywood scene,,,live
DIRECTOR,Screen,1,Shouts 'action' and 'cut' on set,,,live
PRODUCER,Screen,2,Funds the film and hopes for a box-office return,,,live
STUNT,Screen,2,"Dangerous scene, usually faked, usually",,,live
EPISODE,Screen,1,One instalment of a Nollywood series,,,live
FLASHBACK,Screen,2,Scene that jumps back to explain the plot,,,live
STREAMING,Screen,2,How new Nollywood reaches the diaspora now,,,live
PARISH,Faith,1,A church's local district or congregation,,,live
BAPTISM,Faith,1,"Full immersion or sprinkle, depends on the church",,,live
COMMUNION,Faith,1,"Bread and wine, remembering the Last Supper",,,live
REVEREND,Faith,1,Title before a pastor's name,,,live
MOSQUE,Faith,1,"Muslim place of worship, minaret and all",,,live
QURAN,Faith,1,Islam's holy book,,,live
PILGRIM,Faith,2,"Traveller to Mecca or Jerusalem, on a holy journey",,,live
SCRIPTURE,Faith,1,The holy text quoted every Sunday,,,live
MIDWIFE,People,2,"Delivers the baby, sometimes at home",,,live
HERBALIST,People,2,Sells roots and leaves for every ailment,,,live
FARMER,People,1,"Works the land, feeds the nation, underpaid",,,live
FISHERMAN,People,1,Casts nets on the river or the lagoon,,,live
DRIVER,People,1,Behind the wheel of the danfo or the keke,,,live
CLEANER,People,1,Sweeps the office before anyone else arrives,,,live
BARBER,People,1,"Cuts fade and low-cut, gists while he works",,,live
COUSIN,People,1,"Extended-family child, sometimes closer than a sibling",,,live
PRINCIPAL,School,1,Head of a secondary school,,,live
HEADMASTER,School,1,"Runs the primary school, cane in hand back in the day",,,live
DEBATE,School,1,"Two teams argue a motion, prefects judge",,,live
LIBRARY,School,1,Quiet room full of textbooks nobody borrows,,,live
TIMETABLE,School,1,Grid that says which subject comes next,,,live
LATECOMER,School,2,Punished at morning assembly for arriving after the gate shuts,,,live
EXAMINER,School,2,"Marks your WAEC script, mysterious and strict",,,live
SEMESTER,School,1,"Half of the academic year, in a university calendar",,,live
PARROT,Animal,1,"Talking bird, green, kept as a pet",,,live
OSTRICH,Animal,1,"Tallest bird, buries its head, cannot fly",,,live
BUFFALO,Animal,1,Horned wild bovine of the savannah,,,live
GAZELLE,Animal,1,"Fast, graceful antelope of the grassland",,,live
JACKAL,Animal,2,"Wild dog cousin, scavenger of the bush",,,live
MONITOR,Animal,2,"Big lizard, the monitor type, found near water",,,live
SNAIL,Animal,1,"Slow crawler, a delicacy in pepper sauce",,,live
CENTIPEDE,Animal,1,Many-legged crawler that bites and burns,,,live
AMBIGUOUS,English,3,Open to more than one interpretation,,,live
TENACITY,English,3,Firmness of purpose; refusal to give up,,,live
BENEVOLENT,English,3,Kind and generous in nature,,,live
CANDID,English,2,Truthful and straightforward; frank,,,live
DILIGENT,English,2,Showing care and effort in one's work,,,live
ELOQUENT,English,2,Fluent and persuasive in speaking,,,live
FRUGAL,English,2,Sparing with money or resources,,,live
GENUINE,English,2,Truly what it is said to be; authentic,,,live
HUMBLE,English,1,Not proud; modest,,,live
IMPARTIAL,English,3,Treating all sides equally; not biased,,,live
JOVIAL,English,1,Cheerful and friendly,,,live
KEEN,English,1,Eager or enthusiastic,,,live
LENIENT,English,3,Merciful; not strict in judgment,,,live
MODEST,English,1,Not boastful about one's abilities,,,live
NOTABLE,English,2,Worthy of attention; remarkable,,,live
OBSOLETE,English,2,No longer in use; outdated,,,live
PLAUSIBLE,English,3,Seeming reasonable or probable,,,live
QUAINT,English,3,Attractively unusual or old-fashioned,,,live
RESILIENT,English,3,Able to recover quickly from difficulty,,,live
SCARCE,English,1,In short supply; hard to find,,,live
TRANQUIL,English,2,Calm and peaceful,,,live
UNIQUE,English,1,Being the only one of its kind,,,live
VERBOSE,English,3,Using more words than needed,,,live
WITHER,English,2,"To shrink or dry up, as a plant does",,,live
ZEALOUS,English,2,Showing great energy for a cause,,,live
ABUNDANT,English,1,Existing in large quantities,,,live
BRITTLE,English,1,Hard but easily broken,,,live
CONCISE,English,2,"Giving information clearly, in few words",,,live
DEVIOUS,English,3,Showing cunning and deceit,,,live
EXOTIC,English,1,Foreign and strikingly unusual,,,live
FICKLE,English,3,Changing frequently; not loyal,,,live
GRUDGE,English,2,A lasting feeling of resentment,,,live
HOSTILE,English,2,Unfriendly; antagonistic,,,live
IDLE,English,1,Not active or in use,,,live
JUBILANT,English,2,"Feeling great happiness, especially at success",,,live
LETHAL,English,2,Sufficient to cause death; deadly,,,live
MEAGRE,English,2,Small in amount; scanty,,,live
NAIVE,English,2,Showing a lack of experience or wisdom,,,live
OPAQUE,English,2,Not able to be seen through,,,live
PECULIAR,English,2,Strange or unusual,,,live
QUIRKY,English,2,Unusual in an interesting way,,,live
RECKLESS,English,2,Acting without thinking of consequences,,,live
STUBBORN,English,1,Refusing to change one's mind,,,live
THRIFTY,English,2,Careful with money; economical,,,live
URGENT,English,1,Requiring immediate action,,,live
VIGILANT,English,2,Keeping careful watch for danger,,,live
WARY,English,1,Cautious about possible danger,,,live
YEARN,English,2,To have an intense desire for something,,,live
ADAMANT,English,2,Refusing to be persuaded; unyielding,,,live
BLEAK,English,2,Lacking hope or promise,,,live
